{"cameraMode":{"drawMode":0,"name":"Shaded","section":"Shading Mode"},"sceneLighting":true,"audioPlay":false,"sceneViewState":{"showFog":true,"showMaterialUpdate":false,"showSkybox":true,"showFlares":true,"showImageEffects":true,"showParticleSystems":true},"in2DMode":false,"pivot":{"x":6.297685623168945,"y":11.930859565734864,"z":2.0183398723602297},"rotation":{"x":0.19872567057609559,"y":-0.5176565647125244,"z":0.12503325939178468,"w":0.82274329662323},"size":56.59286880493164,"orthographic":true}